condition,target_modality,noise_level,mre_mean,mre_std,wt_mean,wt_std,mean_diff,ci_low,ci_high,t_stat,p_value_ttest,w_stat,p_value_wilcoxon,cohens_d,n_seeds,per_seed_mre,per_seed_wt
文本噪声20%,text,0.2,0.7889333333333333,0.007056736559075843,0.7633333333333333,0.01602775370689506,0.025599999999999977,0.013903518040025858,0.03729648195997409,4.950821982042204,0.0007904093710143491,0.0,0.001953125,1.5655873753282596,10,0.7907;0.7893;0.7867;0.7907;0.7800;0.7907;0.7973;0.7787;0.7840;0.8013,0.7787;0.7667;0.7387;0.7787;0.7427;0.7720;0.7813;0.7680;0.7627;0.7440
文本噪声30%,text,0.3,0.7746666666666667,0.013451329733708038,0.7265333333333334,0.012291922470658969,0.04813333333333334,0.03621727038620185,0.06004939628046483,9.137044717123597,7.543882368263667e-06,0.0,0.001953125,2.8893872388919464,10,0.7680;0.7880;0.7987;0.7600;0.7587;0.7840;0.7653;0.7667;0.7853;0.7720,0.7133;0.7280;0.7333;0.7320;0.7133;0.7253;0.7440;0.7387;0.7320;0.7053
文本噪声40%,text,0.4,0.7617333333333334,0.01840075146076885,0.6809333333333334,0.01785593928924587,0.08080000000000001,0.06974864726711402,0.091851352732886,16.538210698507942,4.818821827713241e-08,0.0,0.001953125,5.229841423104936,10,0.7507;0.7760;0.7640;0.7213;0.7587;0.7587;0.7760;0.7907;0.7640;0.7573,0.6773;0.6907;0.6640;0.6693;0.6880;0.6600;0.6880;0.7213;0.6680;0.6827
文本噪声50%,text,0.5,0.7492,0.011580315354242478,0.6481333333333333,0.019285509176517255,0.1010666666666667,0.09059188450844391,0.11154144882488948,21.825064860230736,4.197696074297484e-09,0.0,0.001953125,6.901691503923358,10,0.7600;0.7587;0.7547;0.7200;0.7547;0.7440;0.7467;0.7560;0.7467;0.7507,0.6613;0.6547;0.6493;0.6240;0.6893;0.6333;0.6413;0.6600;0.6387;0.6293
音频噪声50%,audio,0.5,0.7654666666666666,0.01858660077569489,0.7516,0.019886592046146987,0.013866666666666649,0.009041066666666642,0.018692266666666655,6.499999999999982,0.00011145078736861746,0.0,0.001953125,2.055480479109441,10,0.7787;0.7733;0.7813;0.7720;0.7680;0.7667;0.7733;0.7400;0.7773;0.7240,0.7653;0.7613;0.7680;0.7573;0.7627;0.7587;0.7547;0.7120;0.7587;0.7173
