scenario,noise_config,mre_mean,mre_std,mre_range_pp,wt_mean,wt_std,wt_range_pp,mj_mean,mj_std,n_generations,per_gen_mre,per_gen_wt,per_gen_mj
干净数据,{},0.8325333333333333,0.016749129330605034,3.4666666666666623,0.8346666666666667,0.014666666666666717,2.9333333333333433,0.8226666666666667,0.015972198067614567,5,0.8173;0.8493;0.8240;0.8520;0.8200,0.8200;0.8493;0.8347;0.8493;0.8200,0.8040;0.8427;0.8253;0.8320;0.8093
文本噪声30%,{'text': 0.3},0.7773333333333333,0.023795424396766355,6.266666666666676,0.728,0.01796292478040996,4.666666666666663,0.7146666666666667,0.023190036174568114,5,0.7773;0.8000;0.7853;0.7373;0.7867,0.7333;0.7333;0.7520;0.7053;0.7160,0.7133;0.7147;0.7520;0.6893;0.7040
文本噪声50%,{'text': 0.5},0.7450666666666667,0.007682592155140223,2.1333333333333315,0.6392,0.006007402840570033,1.6000000000000014,0.6253333333333333,0.012183777921664701,5,0.7440;0.7573;0.7360;0.7440;0.7440,0.6413;0.6320;0.6480;0.6387;0.6360,0.6307;0.6067;0.6373;0.6320;0.6200
