{
  "seeds": [
    13,
    42,
    2024
  ],
  "test_baseline": {
    "accuracy": {
      "mean": 0.6,
      "std": 0.029059326290271154
    },
    "macro_f1": {
      "mean": 0.5976045970272803,
      "std": 0.033245070423885616
    },
    "conflict_accuracy": {
      "mean": 0.46735445464635256,
      "std": 0.024985917933853588
    }
  },
  "test_mre": {
    "accuracy": {
      "mean": 0.7044444444444444,
      "std": 0.025891511550513398
    },
    "macro_f1": {
      "mean": 0.7037643796351957,
      "std": 0.026733655471040414
    },
    "conflict_accuracy": {
      "mean": 0.61524848933284,
      "std": 0.01952521640017841
    }
  }
}